Algorithm,n_clusters,Silhouette,Davies-Bouldin,Calinski-Harabasz
K-Means,3,0.24465884076049293,1.3199925962612993,138.1758725912045
K-Means,4,0.20169259632101477,1.3835600933936456,121.0152522992605
K-Means,5,0.18981993830767668,1.4431769008427693,108.63066592344691
Hierarchical,3,0.24305321817651548,1.392057121185192,112.784497322446
Hierarchical,4,0.1611105059270689,1.5909636905235618,100.12202309065927
Hierarchical,5,0.13834496118200584,1.5863497322462339,91.76368739686166
